Milk, Bread, Eggs, Butter, Cheese, Yogurt, Apples, Oranges, Bananas, Carrots, Potatoes, Chicken, Rice, Pasta, Tomatoes, Onions, Lettuce, Cucumbers, Peppers
Bread, Butter, Cheese, Yogurt, Apples, Oranges, Bananas, Carrots, Potatoes, Chicken, Rice, Pasta, Tomatoes, Onions, Lettuce, Cucumbers
Milk, Bread, Eggs, Butter, Cheese, Yogurt, Apples, Oranges, Bananas, Carrots, Potatoes, Chicken, Rice, Pasta, Tomatoes, Onions, Lettuce, Cucumbers
Milk, Bread, Eggs, Butter, Cheese, Yogurt, Apples, Oranges, Bananas, Carrots, Potatoes, Chicken, Rice, Pasta, Tomatoes, Onions, Lettuce, Cucumbers, Peppers
Bread, Butter, Cheese, Yogurt, Apples, Oranges, Bananas, Carrots, Potatoes, Chicken, Rice, Pasta, Tomatoes, Onions, Lettuce
Milk, Bread, Eggs, Butter, Cheese, Yogurt, Apples, Oranges, Bananas, Carrots, Potatoes, Chicken, Rice, Pasta, Tomatoes, Onions, Lettuce, Cucumbers, Peppers
Milk, Bread, Eggs, Butter, Cheese, Yogurt, Apples, Oranges, Bananas, Carrots, Potatoes, Chicken, Rice, Pasta, Tomatoes, Onions, Lettuce
Bread, Butter, Cheese, Yogurt, Apples, Oranges, Bananas, Carrots, Potatoes, Chicken, Rice, Pasta, Tomatoes, Onions, Lettuce, Cucumbers, Peppers
Milk, Bread, Eggs, Butter, Cheese, Yogurt, Apples, Oranges, Bananas, Carrots, Potatoes, Chicken, Rice, Pasta, Tomatoes, Onions, Lettuce, Cucumbers
Bread, Butter, Cheese, Yogurt, Apples, Oranges, Bananas, Carrots, Potatoes, Chicken, Rice, Pasta, Tomatoes, Onions, Lettuce, Cucumbers
Orange Juice, Bread, Eggs, Butter, Ham, Yogurt, Apples, Oranges, Pineapple, Carrots, Potatoes, Beef, Rice, Pasta, Tomatoes, Onions, Lettuce, Cucumbers, Peppers
Cereal, Milk, Bread, Eggs, Butter, Cheese, Yogurt, Apples, Oranges, Bananas, Carrots, Potatoes, Chicken, Rice, Pasta, Tomatoes, Onions, Lettuce, Cucumbers
Milk, Bread, Eggs, Butter, Cheese, Yogurt, Apples, Oranges, Bananas, Carrots, Potatoes, Chicken, Rice, Pasta, Tomatoes, Onions, Lettuce, Cucumbers, Grapes
Bread, Butter, Cheese, Yogurt, Apples, Oranges, Bananas, Carrots, Potatoes, Chicken, Rice, Pasta, Tomatoes, Onions, Lettuce, Cucumbers, Peppers, Cauliflower
Milk, Bread, Eggs, Butter, Cheese, Yogurt, Apples, Oranges, Bananas, Carrots, Potatoes, Chicken, Rice, Pasta, Tomatoes, Onions, Let
Milk, Bread, Eggs, Butter, Cheese, Yogurt, Apples, Oranges, Bananas, Carrots, Potatoes, Chicken, Rice, Pasta, Tomatoes, Onions, Lettuce, Cucumbers, Peppers
Bread, Butter, Cheese, Yogurt, Apples, Oranges, Bananas, Carrots, Potatoes, Chicken, Rice, Pasta, Tomatoes, Onions, Lettuce, Cucumbers
Milk, Bread, Eggs, Butter, Cheese, Yogurt, Apples, Oranges, Bananas, Carrots, Potatoes, Chicken, Rice, Pasta, Tomatoes, Onions, Lettuce, Cucumbers
Milk, Bread, Eggs, Butter, Cheese, Yogurt, Apples, Oranges, Bananas, Carrots, Potatoes, Chicken, Rice, Pasta, Tomatoes, Onions, Lettuce, Cucumbers, Peppers
Bread, Butter, Cheese, Yogurt, Apples, Oranges, Bananas, Carrots, Potatoes, Chicken, Rice, Pasta, Tomatoes, Onions, Lettuce
Milk, Bread, Eggs, Butter, Cheese, Yogurt, Apples, Oranges, Bananas, Carrots, Potatoes, Chicken, Rice, Pasta, Tomatoes, Onions, Lettuce, Cucumbers, Peppers
Milk, Bread, Eggs, Butter, Cheese, Yogurt, Apples, Oranges, Bananas, Carrots, Potatoes, Chicken, Rice, Pasta, Tomatoes, Onions, Lettuce
Bread, Butter, Cheese, Yogurt, Apples, Oranges, Bananas, Carrots, Potatoes, Chicken, Rice, Pasta, Tomatoes, Onions, Lettuce, Cucumbers, Peppers
Milk, Bread, Eggs, Butter, Cheese, Yogurt, Apples, Oranges, Bananas, Carrots, Potatoes, Chicken, Rice, Pasta, Tomatoes, Onions, Lettuce, Cucumbers
Bread, Butter, Cheese, Yogurt, Apples, Oranges, Bananas, Carrots, Potatoes, Chicken, Rice, Pasta, Tomatoes, Onions, Lettuce, Cucumbers
Orange Juice, Bread, Eggs, Butter, Ham, Yogurt, Apples, Oranges, Pineapple, Carrots, Potatoes, Beef, Rice, Pasta, Tomatoes, Onions, Lettuce, Cucumbers, Peppers
Cereal, Milk, Bread, Eggs, Butter, Cheese, Yogurt, Apples, Oranges, Bananas, Carrots, Potatoes, Chicken, Rice, Pasta, Tomatoes, Onions, Lettuce, Cucumbers
Milk, Bread, Eggs, Butter, Cheese, Yogurt, Apples, Oranges, Bananas, Carrots, Potatoes, Chicken, Rice, Pasta, Tomatoes, Onions, Lettuce, Cucumbers, Grapes
Bread, Butter, Cheese, Yogurt, Apples, Oranges, Bananas, Carrots, Potatoes, Chicken, Rice, Pasta, Tomatoes, Onions, Lettuce, Cucumbers, Peppers, Cauliflower
Milk, Bread, Eggs, Butter, Cheese, Yogurt, Apples, Oranges, Bananas, Carrots, Potatoes, Chicken, Rice, Pasta, Tomatoes, Onions, Let
